{
    "train_loss": [
        0.47347038804766645,
        0.39748961020664997,
        0.3769679787647293,
        0.3660243602402239,
        0.3575588227754616,
        0.35523022729230214,
        0.35432384926152516,
        0.3500588823513812,
        0.3477657211114125,
        0.3460434395146657,
        0.3447672685226762,
        0.34122432929923735,
        0.34416329322091066,
        0.3433493910783745,
        0.3410460708371128,
        0.33982256234410296,
        0.34017242832356187,
        0.33922066710081444,
        0.33780703271727963,
        0.33678314520652036
    ],
    "train_acc": [
        0.7763463269075925,
        0.8149007720361863,
        0.8258892625396675,
        0.8284469284327192,
        0.8300573106616776,
        0.8329465258371619,
        0.8348410931653484,
        0.8357883768294416,
        0.8349358215317577,
        0.8383460427224932,
        0.8382513143560839,
        0.8391038696537678,
        0.8389617771041539,
        0.8409984369819542,
        0.8396722398522237,
        0.8409510727987496,
        0.8393406905697911,
        0.8408563444323403,
        0.8409984369819542,
        0.8430350968597546
    ],
    "val_loss": [
        0.3888821171389686,
        0.36188993520206875,
        0.3479524784617954,
        0.3467438817024231,
        0.34629571437835693,
        0.3407883942127228,
        0.3405520518620809,
        0.34128184285428786,
        0.3378482974237866,
        0.33838681048817104,
        0.33893242478370667,
        0.33600955704847973,
        0.3348537865612242,
        0.3336404843462838,
        0.33790365358193714,
        0.33660007185406154,
        0.33476878537072075,
        0.3332066668404473,
        0.3342020759979884,
        0.3331342190504074
    ],
    "val_acc": [
        0.8200707338638373,
        0.8326702033598585,
        0.8368700265251989,
        0.8401856763925729,
        0.8368700265251989,
        0.8423961096374889,
        0.8421750663129973,
        0.8421750663129973,
        0.8463748894783377,
        0.8395225464190982,
        0.8406277630415562,
        0.8417329796640142,
        0.844606542882405,
        0.8443854995579133,
        0.8395225464190982,
        0.8437223695844386,
        0.8423961096374889,
        0.8443854995579133,
        0.8432802829354553,
        0.8426171529619806
    ],
    "epoch_times": [
        1.303642749786377,
        0.5842692852020264,
        0.6612615585327148,
        0.6178181171417236,
        0.6422936916351318,
        0.616342306137085,
        0.6893503665924072,
        0.6269104480743408,
        0.6452805995941162,
        0.6752903461456299,
        0.6065239906311035,
        0.6309213638305664,
        0.583467960357666,
        0.5836541652679443,
        0.6215283870697021,
        0.5913479328155518,
        0.592524528503418,
        0.5985095500946045,
        0.6088724136352539,
        0.6371498107910156
    ]
}