{
    "train_loss": [
        4.369487185678082,
        4.064974082444242,
        3.9633452977962835,
        3.8926443054290587,
        3.85279050558627,
        3.8073365345686496,
        3.795667836766043,
        3.7682711321436715,
        3.768587562138449,
        3.7460620389013233,
        3.726963915510806,
        3.754007409432691,
        3.724155594488818,
        3.71960420951158,
        3.685758272330918,
        3.6795688474963524,
        3.6871435042626843,
        3.6700551638346233,
        3.672731665080179,
        3.6966283835336835
    ],
    "train_acc": [
        0.0436,
        0.07905882352941176,
        0.08898823529411765,
        0.09983529411764706,
        0.10555294117647059,
        0.11065882352941177,
        0.11515294117647058,
        0.11656470588235295,
        0.12150588235294117,
        0.12345882352941176,
        0.1268235294117647,
        0.12242352941176471,
        0.12621176470588236,
        0.12788235294117647,
        0.13341176470588234,
        0.1348,
        0.1335764705882353,
        0.13722352941176472,
        0.13338823529411764,
        0.1312
    ],
    "val_loss": [
        4.079285256067911,
        3.8881224155426026,
        3.7911608616511026,
        3.7255891720453898,
        3.6762422800064085,
        3.6540998299916585,
        3.6219638347625733,
        3.59518989721934,
        3.586468060811361,
        3.572608757019043,
        3.548939339319865,
        3.550912022590637,
        3.5508668422698975,
        3.5136733134587605,
        3.511944023768107,
        3.5098323742548625,
        3.479028836886088,
        3.479187798500061,
        3.486005973815918,
        3.4711422363917035
    ],
    "val_acc": [
        0.08546666666666666,
        0.10973333333333334,
        0.12626666666666667,
        0.14026666666666668,
        0.1448,
        0.1528,
        0.15706666666666666,
        0.15613333333333335,
        0.15906666666666666,
        0.16093333333333334,
        0.16706666666666667,
        0.1688,
        0.1656,
        0.17533333333333334,
        0.17613333333333334,
        0.17906666666666668,
        0.1784,
        0.17613333333333334,
        0.17786666666666667,
        0.18586666666666668
    ],
    "epoch_times": [
        9.817996263504028,
        10.00289535522461,
        9.998791694641113,
        9.974518537521362,
        9.844226598739624,
        9.885916471481323,
        10.115123510360718,
        10.002829551696777,
        9.928584098815918,
        9.919445991516113,
        10.018241167068481,
        10.112788438796997,
        10.178863763809204,
        10.088777780532837,
        9.982859134674072,
        9.961183547973633,
        10.094686031341553,
        10.173930168151855,
        9.988062143325806,
        10.185149431228638
    ]
}