{
    "train_loss": [
        4.426742936322789,
        4.142197197782779,
        4.047552187285738,
        3.991450740905579,
        3.9491518257620806,
        3.9216087978043244,
        3.888060327061636,
        3.8630155888860096,
        3.8333671064433936,
        3.8451426842969334,
        3.822369732542666,
        3.8110984199775193,
        3.7864177084254647,
        3.7762539529514885,
        3.7750740065546093,
        3.76076896461898,
        3.7331425715349393,
        3.7207970305117306,
        3.7149627465687827,
        3.7003897606969596
    ],
    "train_acc": [
        0.0316,
        0.06261176470588235,
        0.0732,
        0.07910588235294118,
        0.08209411764705882,
        0.08541176470588235,
        0.09136470588235295,
        0.09510588235294118,
        0.0976235294117647,
        0.09567058823529412,
        0.1019764705882353,
        0.10136470588235294,
        0.10503529411764706,
        0.10512941176470589,
        0.10755294117647059,
        0.10727058823529412,
        0.11298823529411765,
        0.1131529411764706,
        0.11381176470588235,
        0.11696470588235294
    ],
    "val_loss": [
        4.060936180750529,
        3.8509785811106365,
        3.7640013535817465,
        3.723431380589803,
        3.6822004397710164,
        3.6353921413421633,
        3.619226662317912,
        3.5627338727315268,
        3.5480000178019204,
        3.5243911266326906,
        3.509773063659668,
        3.49127676486969,
        3.4557159900665284,
        3.461714005470276,
        3.455761194229126,
        3.429877217610677,
        3.4158074855804443,
        3.402303194999695,
        3.3954755306243896,
        3.3699897448221843
    ],
    "val_acc": [
        0.06946666666666666,
        0.10773333333333333,
        0.12026666666666666,
        0.12493333333333333,
        0.13466666666666666,
        0.1424,
        0.14626666666666666,
        0.15826666666666667,
        0.15946666666666667,
        0.16293333333333335,
        0.16826666666666668,
        0.17546666666666666,
        0.17826666666666666,
        0.16973333333333335,
        0.17933333333333334,
        0.1804,
        0.18666666666666668,
        0.19226666666666667,
        0.1884,
        0.19346666666666668
    ],
    "epoch_times": [
        10.744802474975586,
        9.714198589324951,
        9.905226707458496,
        9.911212921142578,
        9.837694883346558,
        9.615686655044556,
        9.729950428009033,
        9.91721773147583,
        9.654524326324463,
        9.82466459274292,
        9.95967698097229,
        9.633694887161255,
        9.794984817504883,
        9.574414730072021,
        9.714391469955444,
        9.730206727981567,
        9.748880386352539,
        9.71380615234375,
        9.93635630607605,
        9.710300922393799
    ]
}