{
    "train_loss": [
        12.126257196068764,
        5.636094808578491,
        2.5834051072597504,
        2.3828186690807343,
        1.7574654519557953,
        0.9280781149864197,
        0.7486353367567062,
        0.6977668702602386,
        0.6937040239572525,
        0.694135308265686,
        0.6932090669870377,
        0.6930390000343323,
        0.6947725415229797,
        0.6949090659618378,
        0.6961665600538254,
        0.6932633519172668,
        0.6940506398677826,
        0.6932490319013596,
        0.6938407272100449,
        0.6933475881814957
    ],
    "train_acc": [
        0.4988235294117647,
        0.4764705882352941,
        0.5023529411764706,
        0.5011764705882353,
        0.5047058823529412,
        0.4988235294117647,
        0.49529411764705883,
        0.5,
        0.5,
        0.4988235294117647,
        0.5023529411764706,
        0.4964705882352941,
        0.49529411764705883,
        0.4894117647058824,
        0.4988235294117647,
        0.49411764705882355,
        0.48470588235294115,
        0.48705882352941177,
        0.4894117647058824,
        0.5011764705882353
    ],
    "val_loss": [
        2.863327980041504,
        1.6750200986862183,
        2.2007596492767334,
        0.8475651144981384,
        0.9119380712509155,
        0.7469155788421631,
        0.7106772661209106,
        0.6973272562026978,
        0.6967851519584656,
        0.6962390542030334,
        0.6960256695747375,
        0.6960954070091248,
        0.6948787569999695,
        0.6955627799034119,
        0.6949766278266907,
        0.6957536935806274,
        0.6957389712333679,
        0.6955373883247375,
        0.6957176923751831,
        0.695334255695343
    ],
    "val_acc": [
        0.43333333333333335,
        0.5666666666666667,
        0.43333333333333335,
        0.5666666666666667,
        0.5666666666666667,
        0.43333333333333335,
        0.43333333333333335,
        0.43333333333333335,
        0.43333333333333335,
        0.43333333333333335,
        0.43333333333333335,
        0.43333333333333335,
        0.43333333333333335,
        0.43333333333333335,
        0.43333333333333335,
        0.43333333333333335,
        0.43333333333333335,
        0.43333333333333335,
        0.43333333333333335,
        0.43333333333333335
    ],
    "epoch_times": [
        0.701542854309082,
        0.6999208927154541,
        0.7019176483154297,
        0.7049229145050049,
        0.6996645927429199,
        0.708972692489624,
        0.7051846981048584,
        0.7101850509643555,
        0.6995606422424316,
        0.6894128322601318,
        0.7196650505065918,
        0.7158129215240479,
        0.7012975215911865,
        0.731330156326294,
        0.7327942848205566,
        0.7157387733459473,
        0.7212073802947998,
        0.7096495628356934,
        0.7012789249420166,
        0.7075498104095459
    ]
}