{
    "train_loss": [
        0.7883500903844833,
        0.7268205732107162,
        0.7261609435081482,
        0.7177714407444,
        0.7117083966732025,
        0.7300266027450562,
        0.7226985841989517,
        0.7029853314161301,
        0.7047232538461685,
        0.7021243721246719,
        0.717557430267334,
        0.7088860273361206,
        0.7006587982177734,
        0.7099496126174927,
        0.7161227315664291,
        0.6965170055627823,
        0.698307454586029,
        0.7049578428268433,
        0.7037399858236313,
        0.7041604518890381
    ],
    "train_acc": [
        0.48,
        0.49411764705882355,
        0.49411764705882355,
        0.4976470588235294,
        0.5058823529411764,
        0.4823529411764706,
        0.45529411764705885,
        0.5047058823529412,
        0.49411764705882355,
        0.5188235294117647,
        0.4788235294117647,
        0.48705882352941177,
        0.5070588235294118,
        0.48705882352941177,
        0.4776470588235294,
        0.5070588235294118,
        0.5129411764705882,
        0.5023529411764706,
        0.5047058823529412,
        0.5
    ],
    "val_loss": [
        0.7393317818641663,
        0.6916555166244507,
        0.6933566927909851,
        0.6982669234275818,
        0.7084112763404846,
        0.7000319361686707,
        0.6922761797904968,
        0.6898903250694275,
        0.70403653383255,
        0.6990212202072144,
        0.6951234936714172,
        0.6929731369018555,
        0.6934108734130859,
        0.6940819025039673,
        0.6944243311882019,
        0.6909640431404114,
        0.6984327435493469,
        0.6934831738471985,
        0.6939481496810913,
        0.6977739334106445
    ],
    "val_acc": [
        0.5133333333333333,
        0.5133333333333333,
        0.5133333333333333,
        0.5133333333333333,
        0.5,
        0.4533333333333333,
        0.5266666666666666,
        0.5466666666666666,
        0.49333333333333335,
        0.5,
        0.52,
        0.5066666666666667,
        0.5066666666666667,
        0.5,
        0.47333333333333333,
        0.5066666666666667,
        0.46,
        0.5066666666666667,
        0.5,
        0.47333333333333333
    ],
    "epoch_times": [
        0.6824131011962891,
        0.6860342025756836,
        0.6686186790466309,
        0.6796436309814453,
        0.6686570644378662,
        0.6640779972076416,
        0.6695427894592285,
        0.67732834815979,
        0.684453010559082,
        0.6811516284942627,
        0.6895558834075928,
        0.6782472133636475,
        0.668086051940918,
        0.6692664623260498,
        0.6665713787078857,
        0.6655950546264648,
        0.6752264499664307,
        0.6757147312164307,
        0.6791219711303711,
        0.6797835826873779
    ]
}